{"name":"93815cac-23c9-4602-a896-baf92eed5483","id":"/providers/Microsoft.Flow/flows/93815cac-23c9-4602-a896-baf92eed5483","type":"Microsoft.Flow/flows","properties":{"apiId":"/providers/Microsoft.PowerApps/apis/shared_logicflows","displayName":"Leave Request System Flow","definition":{"metadata":{"workflowEntityId":null,"processAdvisorMetadata":null,"flowChargedByPaygo":null,"flowclientsuspensionreason":"None","flowclientsuspensiontime":null,"flowclientsuspensionreasondetails":null,"creator":{"id":"901e0c72-d175-4b78-b5dd-c0effa2ec15a","type":"User","tenantId":"fe06db51-5d15-4e87-9a12-31e9f48895f6"},"provisioningMethod":"FromDefinition","failureAlertSubscription":true,"clientLastModifiedTime":"2023-09-13T04:53:03.0037409Z"},"$schema":"https://schema.management.azure.com/providers/Microsoft.Logic/schemas/2016-06-01/workflowdefinition.json#","contentVersion":"1.0.0.0","parameters":{"$connections":{"defaultValue":{},"type":"Object"},"$authentication":{"defaultValue":{},"type":"SecureObject"}},"triggers":{"When_an_item_is_created":{"recurrence":{"frequency":"Minute","interval":5},"splitOn":"@triggerOutputs()?['body/value']","metadata":{"operationMetadataId":"f28cc3ef-2fb4-4405-9c4e-d2a135845eab"},"type":"OpenApiConnection","inputs":{"host":{"apiId":"/providers/Microsoft.PowerApps/apis/shared_sharepointonline","connectionName":"shared_sharepointonline","operationId":"GetOnNewItems"},"parameters":{"dataset":"https://uitedumm.sharepoint.com/sites/UITLeaveRequestSystem","table":"8a76f534-e478-42c5-8594-8b9fff5223bc"},"authentication":"@parameters('$authentication')"}}},"actions":{"Get_item":{"runAfter":{},"metadata":{"operationMetadataId":"4d632e68-f3e9-479b-88c0-cbf9452a2004"},"type":"OpenApiConnection","inputs":{"host":{"apiId":"/providers/Microsoft.PowerApps/apis/shared_sharepointonline","connectionName":"shared_sharepointonline","operationId":"GetItem"},"parameters":{"dataset":"https://uitedumm.sharepoint.com/sites/UITLeaveRequestSystem","table":"8a76f534-e478-42c5-8594-8b9fff5223bc","id":"@triggerOutputs()?['body/ID']"},"authentication":"@parameters('$authentication')"}},"Get_Teachers_Json_File":{"runAfter":{"Get_item":["Succeeded"]},"metadata":{"b!MjJ5EpGe7U-zUHOB2p538eysn5yTbOtLr98Soz1l1Y0aye5_I6N6T4dlybAZeyeR.01R3VUV33BD6U7GRLKDNGZJWIJZMYELGP6":"/Leave Request System/Teachers.json","operationMetadataId":"5853b4f3-2fa6-40e7-b510-de00139834b0","b!MjJ5EpGe7U-zUHOB2p538eysn5yTbOtLr98Soz1l1Y0aye5_I6N6T4dlybAZeyeR.01R3VUV37WO3CMPDLYOJHLCKK6QE23DSHP":"/Leave Request System/Teachers.json"},"type":"OpenApiConnection","inputs":{"host":{"apiId":"/providers/Microsoft.PowerApps/apis/shared_onedriveforbusiness","connectionName":"shared_onedriveforbusiness","operationId":"GetFileContent"},"parameters":{"id":"b!MjJ5EpGe7U-zUHOB2p538eysn5yTbOtLr98Soz1l1Y0aye5_I6N6T4dlybAZeyeR.01R3VUV37WO3CMPDLYOJHLCKK6QE23DSHP","inferContentType":true},"authentication":"@parameters('$authentication')"}},"Filter_Class_Teacher_and_Year_Head":{"runAfter":{"Get_Teachers_Json_File":["Succeeded"]},"metadata":{"operationMetadataId":"d13c9ba8-f7f3-464f-9707-c098a32c7dac"},"type":"Query","inputs":{"from":"@json(body('Get_Teachers_Json_File'))","where":"@equals(item()?['Class'], outputs('Get_item')?['body/Class/Value'])"}},"Update_Request_No,_Class_Teacher_Name_and_Year_Head_Name":{"runAfter":{"Compose":["Succeeded"]},"metadata":{"operationMetadataId":"f9d08de2-f094-483c-bae6-5792aeb3b317"},"type":"OpenApiConnection","inputs":{"host":{"apiId":"/providers/Microsoft.PowerApps/apis/shared_sharepointonline","connectionName":"shared_sharepointonline","operationId":"PatchItem"},"parameters":{"dataset":"https://uitedumm.sharepoint.com/sites/UITLeaveRequestSystem","table":"8a76f534-e478-42c5-8594-8b9fff5223bc","id":"@outputs('Get_item')?['body/ID']","item/Title":"@outputs('Get_item')?['body/Title']","item/Name":"@outputs('Get_item')?['body/Name']","item/LeaveStartDate":"@outputs('Get_item')?['body/LeaveStartDate']","item/LeaveEndDate":"@outputs('Get_item')?['body/LeaveEndDate']","item/RequestNo":"@concat('UITMLR-', formatNumber(outputs('Get_item')?['body/ID'],'000'))","item/ApprovalStatus":"Pending (Class Teacher)","item/ClassTeacher/Claims":"@variables('ClassTeacherEmail')","item/ClassTeacherApprovedDate":"-","item/InchargeofYear/Claims":"@variables('YearHeadEmail')","item/InchargeofYearApprovedDate":"-","item/StudentAffairApprovedDate":"-","item/Rector/Claims":"sawsanda@uit.edu.mm","item/RectorApprovedDate":"-","item/RejectedByName":"-","item/RejectedDate":"-","item/Comment":"-","item/ClassTeacherName":"@variables('ClassTeacherName')","item/InchargeofYearName":"@variables('YearHeadName')"},"authentication":"@parameters('$authentication')"}},"Compose":{"runAfter":{"Apply_to_each_Attachments":["Succeeded"]},"metadata":{"operationMetadataId":"c91fbbb7-07dc-41d0-affc-9850738532cf"},"type":"Compose","inputs":"sawsanda@uit.edu.mm"},"Initialize_Class_Teacher_Name":{"runAfter":{"Compose_2":["Succeeded"]},"metadata":{"operationMetadataId":"27c57680-b55a-4f37-87b2-421666fadddd"},"type":"InitializeVariable","inputs":{"variables":[{"name":"ClassTeacherName","type":"string","value":"@{body('Filter_Class_Teacher_and_Year_Head')[0]?['Teacher']}"}]}},"Initialize_Class_Teacher_Email":{"runAfter":{"Initialize_Class_Teacher_Name":["Succeeded"]},"metadata":{"operationMetadataId":"315d05ef-635e-4c81-bf1c-260acd9814d4"},"type":"InitializeVariable","inputs":{"variables":[{"name":"ClassTeacherEmail","type":"string","value":"@{body('Filter_Class_Teacher_and_Year_Head')[0]?['Teacher Email']}"}]}},"Initialize_Year_Head_Name":{"runAfter":{"Initialize_Class_Teacher_Email":["Succeeded"]},"metadata":{"operationMetadataId":"74a3488c-4d28-42e4-85c2-c512b3bd9e36"},"type":"InitializeVariable","inputs":{"variables":[{"name":"YearHeadName","type":"string","value":"@{body('Filter_Class_Teacher_and_Year_Head')[0]?['Section Head']}"}]}},"Initialize_Year_Head_Email":{"runAfter":{"Initialize_Year_Head_Name":["Succeeded"]},"metadata":{"operationMetadataId":"736369fc-3390-4282-8b96-515f3a34103f"},"type":"InitializeVariable","inputs":{"variables":[{"name":"YearHeadEmail","type":"string","value":"@{body('Filter_Class_Teacher_and_Year_Head')[0]?['Section Head Email']}"}]}},"Initialize_Attachments":{"runAfter":{"Initialize_Year_Head_Email":["Succeeded"]},"metadata":{"operationMetadataId":"a8aeda98-dacf-49c3-bcb5-cc48b14fe568"},"type":"InitializeVariable","inputs":{"variables":[{"name":"Attachments","type":"array"}]}},"Get_attachments":{"runAfter":{"Initialize_Attachments":["Succeeded"]},"metadata":{"operationMetadataId":"7e5b01d5-0901-45e9-854e-9a2dc41bb636"},"type":"OpenApiConnection","inputs":{"host":{"apiId":"/providers/Microsoft.PowerApps/apis/shared_sharepointonline","connectionName":"shared_sharepointonline","operationId":"GetItemAttachments"},"parameters":{"dataset":"https://uitedumm.sharepoint.com/sites/UITLeaveRequestSystem","table":"8a76f534-e478-42c5-8594-8b9fff5223bc","itemId":"@outputs('Get_item')?['body/ID']"},"authentication":"@parameters('$authentication')"}},"Apply_to_each_Attachments":{"foreach":"@body('Get_attachments')","actions":{"Get_attachment_content":{"runAfter":{},"metadata":{"operationMetadataId":"852ad97e-f2d5-4a78-9532-94ce504ee9b2"},"type":"OpenApiConnection","inputs":{"host":{"apiId":"/providers/Microsoft.PowerApps/apis/shared_sharepointonline","connectionName":"shared_sharepointonline","operationId":"GetAttachmentContent"},"parameters":{"dataset":"https://uitedumm.sharepoint.com/sites/UITLeaveRequestSystem","table":"8a76f534-e478-42c5-8594-8b9fff5223bc","itemId":"@outputs('Get_item')?['body/ID']","attachmentId":"@item()?['Id']"},"authentication":"@parameters('$authentication')"}},"Append_to_Attachments":{"runAfter":{"Get_attachment_content":["Succeeded"]},"metadata":{"operationMetadataId":"c7017184-4350-43ae-8af8-445f128c45bd"},"type":"AppendToArrayVariable","inputs":{"name":"Attachments","value":{"name":"@item()?['DisplayName']","content":"@body('Get_attachment_content')"}}},"Create_Medical_Folder_folder":{"runAfter":{"Append_to_Attachments":["Succeeded"]},"metadata":{"operationMetadataId":"67692cee-9132-49cd-a608-edf61e0804e2"},"type":"OpenApiConnection","inputs":{"host":{"apiId":"/providers/Microsoft.PowerApps/apis/shared_sharepointonline","connectionName":"shared_sharepointonline","operationId":"CreateNewFolder"},"parameters":{"dataset":"https://uitedumm.sharepoint.com/sites/UITLeaveRequestSystem","table":"1723d35c-2aa3-432e-a3ca-c3f5b4496547","parameters/path":"Medical Records/@{formatDateTime(utcNow(),'yyyy')}/@{formatDateTime(utcNow(),'MMMM')}/@{replace(outputs('Get_item')?['body/Class/Value'],':', '')}"},"authentication":"@parameters('$authentication')"}},"Create_Medical_Record":{"runAfter":{"Create_Medical_Folder_folder":["Succeeded"]},"metadata":{"operationMetadataId":"050d3028-4dc5-4fc7-8ec4-a418146f508a"},"type":"OpenApiConnection","inputs":{"host":{"apiId":"/providers/Microsoft.PowerApps/apis/shared_sharepointonline","connectionName":"shared_sharepointonline","operationId":"CreateFile"},"parameters":{"dataset":"https://uitedumm.sharepoint.com/sites/UITLeaveRequestSystem","folderPath":"@outputs('Create_Medical_Folder_folder')?['body/{FullPath}']","name":"@{concat('LR-', formatNumber(outputs('Get_item')?['body/ID'],'000'))}_@{outputs('Get_item')?['body/Name']}_@{item()?['DisplayName']}","body":"@body('Get_attachment_content')"},"authentication":"@parameters('$authentication')"}},"Stop_sharing_Medical_Record":{"runAfter":{"Create_Medical_Record":["Succeeded"]},"metadata":{"operationMetadataId":"e9214133-af0b-4379-b7e6-71308dc62645"},"type":"OpenApiConnection","inputs":{"host":{"apiId":"/providers/Microsoft.PowerApps/apis/shared_sharepointonline","connectionName":"shared_sharepointonline","operationId":"UnshareItem"},"parameters":{"dataset":"https://uitedumm.sharepoint.com/sites/UITLeaveRequestSystem","table":"1723d35c-2aa3-432e-a3ca-c3f5b4496547","id":"@outputs('Create_Medical_Record')?['body/ItemId']"},"authentication":"@parameters('$authentication')"}},"Grant_access_to_Medical_Record":{"runAfter":{"Stop_sharing_Medical_Record":["Succeeded"]},"metadata":{"operationMetadataId":"cd477b05-ec83-4cca-b79f-9551a8f4141b"},"type":"OpenApiConnection","inputs":{"host":{"apiId":"/providers/Microsoft.PowerApps/apis/shared_sharepointonline","connectionName":"shared_sharepointonline","operationId":"GrantAccess"},"parameters":{"dataset":"https://uitedumm.sharepoint.com/sites/UITLeaveRequestSystem","table":"1723d35c-2aa3-432e-a3ca-c3f5b4496547","id":"@outputs('Create_Medical_Record')?['body/ItemId']","parameter/recipients":"@{outputs('Get_item')?['body/Author/Email']};@{variables('ClassTeacherEmail')};@{variables('YearHeadEmail')}","parameter/roleValue":"role:1073741826","parameter/sendEmail":false},"authentication":"@parameters('$authentication')"}}},"runAfter":{"Get_attachments":["Succeeded"]},"metadata":{"operationMetadataId":"24103749-816c-414e-937c-2d6693651203"},"type":"Foreach"},"Stop_sharing_a_leave_request_item":{"runAfter":{"Update_Request_No,_Class_Teacher_Name_and_Year_Head_Name":["Succeeded"]},"metadata":{"operationMetadataId":"da77c2a2-b594-4840-bcf4-9b8932c3c552"},"type":"OpenApiConnection","inputs":{"host":{"apiId":"/providers/Microsoft.PowerApps/apis/shared_sharepointonline","connectionName":"shared_sharepointonline","operationId":"UnshareItem"},"parameters":{"dataset":"https://uitedumm.sharepoint.com/sites/UITLeaveRequestSystem","table":"8a76f534-e478-42c5-8594-8b9fff5223bc","id":"@outputs('Get_item')?['body/ID']"},"authentication":"@parameters('$authentication')"}},"Grant_access_to_a_leave_request_item":{"runAfter":{"Stop_sharing_a_leave_request_item":["Succeeded"]},"metadata":{"operationMetadataId":"c40d4203-df6e-4edd-8f82-efd5072584b1"},"type":"OpenApiConnection","inputs":{"host":{"apiId":"/providers/Microsoft.PowerApps/apis/shared_sharepointonline","connectionName":"shared_sharepointonline","operationId":"GrantAccess"},"parameters":{"dataset":"https://uitedumm.sharepoint.com/sites/UITLeaveRequestSystem","table":"8a76f534-e478-42c5-8594-8b9fff5223bc","id":"@outputs('Get_item')?['body/ID']","parameter/recipients":"@{outputs('Get_item')?['body/Author/Email']};@{variables('ClassTeacherEmail')};@{variables('YearHeadEmail')};","parameter/roleValue":"role:1073741826","parameter/sendEmail":false},"authentication":"@parameters('$authentication')"}},"Compose_2":{"runAfter":{"Filter_Class_Teacher_and_Year_Head":["Succeeded"]},"metadata":{"operationMetadataId":"6089485a-db0e-4ec4-8041-093cfe985307"},"type":"Compose","inputs":"@body('Filter_Class_Teacher_and_Year_Head')"},"Start_and_wait_for_an_approval_Class_Teacher":{"runAfter":{"Grant_access_to_a_leave_request_item":["Succeeded"]},"metadata":{"operationMetadataId":"4e4509d9-bb7f-42e3-a13a-125b2020c0c9"},"type":"OpenApiConnectionWebhook","inputs":{"host":{"apiId":"/providers/Microsoft.PowerApps/apis/shared_approvals","connectionName":"shared_approvals","operationId":"StartAndWaitForAnApproval"},"parameters":{"approvalType":"Basic","WebhookApprovalCreationInput/title":"Medical Leave Request by @{outputs('Get_item')?['body/Name']} (@{outputs('Get_item')?['body/Title']})","WebhookApprovalCreationInput/assignedTo":"aungkhantmyat@uit.edu.mm;","WebhookApprovalCreationInput/details":"Name: @{outputs('Get_item')?['body/Name']}\nRoll No: @{outputs('Get_item')?['body/Title']}\nClass: @{outputs('Get_item')?['body/Class/Value']}\n\nLeave Start Date: @{formatDateTime(outputs('Get_item')?['body/LeaveStartDate'],'dd/MM/yyyy')}\nLeave End Date: @{formatDateTime(outputs('Get_item')?['body/LeaveEndDate'],'dd/MM/yyyy')}\nTotal Days of Leave: @{int(outputs('Get_item')?['body/Total_x0020_No_x0020_of_x0020_Le'])} Days\nReason: @{outputs('Get_item')?['body/HealthCondition']}","WebhookApprovalCreationInput/requestor":"@{outputs('Get_item')?['body/Author/Email']};","WebhookApprovalCreationInput/enableNotifications":true,"WebhookApprovalCreationInput/enableReassignment":false,"WebhookApprovalCreationInput/attachments":"@variables('Attachments')"},"authentication":"@parameters('$authentication')"}},"Condition_Class_Teacher":{"actions":{"Start_and_wait_for_an_approval_Year_Head":{"runAfter":{"Update_Leave_Request_Item_for_Class_Teacher":["Succeeded"]},"metadata":{"operationMetadataId":"a20f7d30-6a30-4c7a-91f9-af672144d5f2"},"type":"OpenApiConnectionWebhook","inputs":{"host":{"apiId":"/providers/Microsoft.PowerApps/apis/shared_approvals","connectionName":"shared_approvals","operationId":"StartAndWaitForAnApproval"},"parameters":{"approvalType":"Basic","WebhookApprovalCreationInput/title":"Medical Leave Request by @{outputs('Get_item')?['body/Name']} (@{outputs('Get_item')?['body/Title']})","WebhookApprovalCreationInput/assignedTo":"aungkhantmyat@uit.edu.mm;","WebhookApprovalCreationInput/details":"Name: @{outputs('Get_item')?['body/Name']}\nRoll No: @{outputs('Get_item')?['body/Title']}\nClass: @{outputs('Get_item')?['body/Class/Value']}\n\nLeave Start Date: @{formatDateTime(outputs('Get_item')?['body/LeaveStartDate'],'dd/MM/yyyy')}\nLeave End Date: @{formatDateTime(outputs('Get_item')?['body/LeaveEndDate'],'dd/MM/yyyy')}\nTotal Days of Leave: @{int(outputs('Get_item')?['body/Total_x0020_No_x0020_of_x0020_Le'])} Days\nReason: @{outputs('Get_item')?['body/HealthCondition']}\n\nResponse Summary:\nClass Teacher Name: @{variables('ClassTeacherName')}\nClass Teacher Approved Date: @{formatDateTime(utcNow(),'dd/MM/yyyy')}","WebhookApprovalCreationInput/requestor":"@{outputs('Get_item')?['body/Author/Email']};","WebhookApprovalCreationInput/enableNotifications":true,"WebhookApprovalCreationInput/enableReassignment":false,"WebhookApprovalCreationInput/attachments":"@variables('Attachments')"},"authentication":"@parameters('$authentication')"}},"Update_Leave_Request_Item_for_Class_Teacher":{"runAfter":{},"metadata":{"operationMetadataId":"c04011ac-5b55-425b-88c0-0b8b18db3351"},"type":"OpenApiConnection","inputs":{"host":{"apiId":"/providers/Microsoft.PowerApps/apis/shared_sharepointonline","connectionName":"shared_sharepointonline","operationId":"PatchItem"},"parameters":{"dataset":"https://uitedumm.sharepoint.com/sites/UITLeaveRequestSystem","table":"8a76f534-e478-42c5-8594-8b9fff5223bc","id":"@outputs('Get_item')?['body/ID']","item/Title":"@outputs('Get_item')?['body/Title']","item/Name":"@outputs('Get_item')?['body/Name']","item/LeaveStartDate":"@outputs('Get_item')?['body/LeaveStartDate']","item/LeaveEndDate":"@outputs('Get_item')?['body/LeaveEndDate']","item/ApprovalStatus":"Pending (Incharge of Year)","item/ClassTeacherApprovedDate":"@formatDateTime(utcNow(),'dd/MM/yyyy')"},"authentication":"@parameters('$authentication')"}},"Condition_Year_Head":{"actions":{"Update_Leave_Request_Item_for_Year_Head":{"runAfter":{},"metadata":{"operationMetadataId":"6873e071-70db-43a0-aefd-5b613334b3bf"},"type":"OpenApiConnection","inputs":{"host":{"apiId":"/providers/Microsoft.PowerApps/apis/shared_sharepointonline","connectionName":"shared_sharepointonline","operationId":"PatchItem"},"parameters":{"dataset":"https://uitedumm.sharepoint.com/sites/UITLeaveRequestSystem","table":"8a76f534-e478-42c5-8594-8b9fff5223bc","id":"@outputs('Get_item')?['body/ID']","item/Title":"@outputs('Get_item')?['body/Title']","item/Name":"@outputs('Get_item')?['body/Name']","item/LeaveStartDate":"@outputs('Update_Leave_Request_Item_for_Class_Teacher')?['body/LeaveStartDate']","item/LeaveEndDate":"@outputs('Update_Leave_Request_Item_for_Class_Teacher')?['body/LeaveEndDate']","item/ApprovalStatus":"Pending (Student Affairs)","item/InchargeofYearApprovedDate":"@formatDateTime(utcNow(),'dd/MM/yyyy')"},"authentication":"@parameters('$authentication')"}},"Start_and_wait_for_an_approval_Student_Affairs":{"runAfter":{"Get_item_Year_Head":["Succeeded"]},"metadata":{"operationMetadataId":"985ac799-09e1-4f09-b400-70a21524f1e8"},"type":"OpenApiConnectionWebhook","inputs":{"host":{"apiId":"/providers/Microsoft.PowerApps/apis/shared_approvals","connectionName":"shared_approvals","operationId":"StartAndWaitForAnApproval"},"parameters":{"approvalType":"Basic","WebhookApprovalCreationInput/title":"Medical Leave Request by @{outputs('Get_item')?['body/Name']} (@{outputs('Get_item')?['body/Title']})","WebhookApprovalCreationInput/assignedTo":"aungkhantmyat@uit.edu.mm;","WebhookApprovalCreationInput/details":"Name: @{outputs('Get_item')?['body/Name']}\nRoll No: @{outputs('Get_item')?['body/Title']}\nClass: @{outputs('Get_item')?['body/Class/Value']}\n\nLeave Start Date: @{formatDateTime(outputs('Get_item')?['body/LeaveStartDate'],'dd/MM/yyyy')}\nLeave End Date: @{formatDateTime(outputs('Get_item')?['body/LeaveEndDate'],'dd/MM/yyyy')}\nTotal Days of Leave: @{int(outputs('Get_item')?['body/Total_x0020_No_x0020_of_x0020_Le'])} Days\nReason: @{outputs('Get_item')?['body/HealthCondition']}\n\nResponse Summary:\nClass Teacher Name: @{variables('ClassTeacherName')}\nClass Teacher Approved Date: @{outputs('Get_item_Year_Head')?['body/ClassTeacherApprovedDate']}\n\nIncharge of Year Name: @{variables('YearHeadName')}\nIncharge of Year Approved Date: @{formatDateTime(utcNow(),'dd/MM/yyyy')}","WebhookApprovalCreationInput/requestor":"@{outputs('Get_item')?['body/Author/Email']};","WebhookApprovalCreationInput/enableNotifications":true,"WebhookApprovalCreationInput/enableReassignment":false,"WebhookApprovalCreationInput/attachments":"@variables('Attachments')"},"authentication":"@parameters('$authentication')"}},"Get_item_Year_Head":{"runAfter":{"Update_Leave_Request_Item_for_Year_Head":["Succeeded"]},"metadata":{"operationMetadataId":"236f3a44-eb2c-4e78-99d2-b1203bd40660"},"type":"OpenApiConnection","inputs":{"host":{"apiId":"/providers/Microsoft.PowerApps/apis/shared_sharepointonline","connectionName":"shared_sharepointonline","operationId":"GetItem"},"parameters":{"dataset":"https://uitedumm.sharepoint.com/sites/UITLeaveRequestSystem","table":"8a76f534-e478-42c5-8594-8b9fff5223bc","id":"@outputs('Get_item')?['body/ID']"},"authentication":"@parameters('$authentication')"}},"Condition_Student_Affairs":{"actions":{"Update_Leave_Request_Item_for_Student_Affairs":{"runAfter":{},"metadata":{"operationMetadataId":"b2c59572-eb6f-4600-81eb-1f1688898524"},"type":"OpenApiConnection","inputs":{"host":{"apiId":"/providers/Microsoft.PowerApps/apis/shared_sharepointonline","connectionName":"shared_sharepointonline","operationId":"PatchItem"},"parameters":{"dataset":"https://uitedumm.sharepoint.com/sites/UITLeaveRequestSystem","table":"8a76f534-e478-42c5-8594-8b9fff5223bc","id":"@outputs('Get_item')?['body/ID']","item/Title":"@outputs('Get_item')?['body/Title']","item/Name":"@outputs('Get_item')?['body/Name']","item/LeaveStartDate":"@outputs('Get_item')?['body/LeaveStartDate']","item/LeaveEndDate":"@outputs('Get_item')?['body/LeaveEndDate']","item/ApprovalStatus":"Pending (Rector)","item/StudentAffairApprovedDate":"@formatDateTime(utcNow(),'dd/MM/yyyy')"},"authentication":"@parameters('$authentication')"}},"Get_item_Student_Affairs":{"runAfter":{"Update_Leave_Request_Item_for_Student_Affairs":["Succeeded"]},"metadata":{"operationMetadataId":"dd36e902-acd6-462e-b29f-83bca9524362"},"type":"OpenApiConnection","inputs":{"host":{"apiId":"/providers/Microsoft.PowerApps/apis/shared_sharepointonline","connectionName":"shared_sharepointonline","operationId":"GetItem"},"parameters":{"dataset":"https://uitedumm.sharepoint.com/sites/UITLeaveRequestSystem","table":"8a76f534-e478-42c5-8594-8b9fff5223bc","id":"@outputs('Get_item')?['body/ID']"},"authentication":"@parameters('$authentication')"}},"Start_and_wait_for_an_approval_Rector":{"runAfter":{"Get_item_Student_Affairs":["Succeeded"]},"metadata":{"operationMetadataId":"64fb027f-6324-4de1-b535-232008d0d0b1"},"type":"OpenApiConnectionWebhook","inputs":{"host":{"apiId":"/providers/Microsoft.PowerApps/apis/shared_approvals","connectionName":"shared_approvals","operationId":"StartAndWaitForAnApproval"},"parameters":{"approvalType":"Basic","WebhookApprovalCreationInput/title":"Medical Leave Request by @{outputs('Get_item')?['body/Name']} (@{outputs('Get_item')?['body/Title']})","WebhookApprovalCreationInput/assignedTo":"aungkhantmyat@uit.edu.mm;","WebhookApprovalCreationInput/details":"Name: @{outputs('Get_item')?['body/Name']}\nRoll No: @{outputs('Get_item')?['body/Title']}\nClass: @{outputs('Get_item')?['body/Class/Value']}\n\nLeave Start Date: @{formatDateTime(outputs('Get_item')?['body/LeaveStartDate'],'dd/MM/yyyy')}\nLeave End Date: @{formatDateTime(outputs('Get_item')?['body/LeaveEndDate'],'dd/MM/yyyy')}\nTotal Days of Leave: @{int(outputs('Get_item')?['body/Total_x0020_No_x0020_of_x0020_Le'])} Days\nReason: @{outputs('Get_item')?['body/HealthCondition']}\n\nResponse Summary:\nClass Teacher Name: @{variables('ClassTeacherName')}\nClass Teacher Approved Date: @{outputs('Get_item_Year_Head')?['body/ClassTeacherApprovedDate']}\n\nIncharge of Year Name: @{variables('YearHeadName')}\nIncharge of Year Approved Date: @{outputs('Get_item_Student_Affairs')?['body/InchargeofYearApprovedDate']}\n\nStudent Affairs Approved Date: @{formatDateTime(utcNow(),'dd/MM/yyyy')}","WebhookApprovalCreationInput/requestor":"@{outputs('Get_item')?['body/Author/Email']};","WebhookApprovalCreationInput/enableNotifications":true,"WebhookApprovalCreationInput/enableReassignment":false,"WebhookApprovalCreationInput/attachments":"@variables('Attachments')"},"authentication":"@parameters('$authentication')"}},"Condition_Rector":{"actions":{"Update_leave_request_item_for_Rector":{"runAfter":{},"metadata":{"operationMetadataId":"82f8198b-af7f-4bc0-9863-ae9cee66cf24"},"type":"OpenApiConnection","inputs":{"host":{"apiId":"/providers/Microsoft.PowerApps/apis/shared_sharepointonline","connectionName":"shared_sharepointonline","operationId":"PatchItem"},"parameters":{"dataset":"https://uitedumm.sharepoint.com/sites/UITLeaveRequestSystem","table":"8a76f534-e478-42c5-8594-8b9fff5223bc","id":"@outputs('Get_item')?['body/ID']","item/Title":"@outputs('Get_item')?['body/Title']","item/Name":"@outputs('Get_item')?['body/Name']","item/LeaveStartDate":"@outputs('Get_item')?['body/LeaveStartDate']","item/LeaveEndDate":"@outputs('Get_item')?['body/LeaveEndDate']","item/ApprovalStatus":"Approved","item/RectorApprovedDate":"@formatDateTime(utcNow(),'dd/MM/yyyy')"},"authentication":"@parameters('$authentication')"}},"Send_an_Approved_Email":{"runAfter":{"Update_leave_request_item_for_Rector":["Succeeded"]},"metadata":{"operationMetadataId":"54cfed3a-3b3e-4582-814d-5349dce9ccce"},"type":"OpenApiConnection","inputs":{"host":{"apiId":"/providers/Microsoft.PowerApps/apis/shared_office365","connectionName":"shared_office365","operationId":"SendEmailV2"},"parameters":{"emailMessage/To":"@outputs('Get_item')?['body/Author/Email']","emailMessage/Subject":"Your Medical Leave Request has been approved.","emailMessage/Body":"<p>Dear @{outputs('Get_item')?['body/Name']},<br>\n&nbsp;&nbsp;&nbsp;&nbsp;&nbsp;&nbsp;Your medical leave request (@{formatDateTime(outputs('Get_item')?['body/LeaveStartDate'], 'dd/MM/yyyy')} - @{formatDateTime(outputs('Get_item')?['body/LeaveEndDate'], 'dd/MM/yyyy')}): @{int(outputs('Get_item')?['body/Total_x0020_No_x0020_of_x0020_Le'])} days has been approved by all members of UIT University Management. Please contact Student affairs if you have an issue for this Medical Leave Request.<br>\n<br>\nDepartment of Student Affairs<br>\nUniversity of Information Technology<br>\nPhone: +951-9664709<br>\nE mail: stu.affairs@uit.edu.mm</p>","emailMessage/Importance":"Normal"},"authentication":"@parameters('$authentication')"}}},"runAfter":{"Start_and_wait_for_an_approval_Rector":["Succeeded"]},"else":{"actions":{"Apply_to_each_Rector":{"foreach":"@outputs('Start_and_wait_for_an_approval_Rector')?['body/responses']","actions":{"Update_Leave_Request_item_for_Rector_Reject":{"runAfter":{},"metadata":{"operationMetadataId":"7201b7be-53b6-452f-a989-5e3e4cb8e09e"},"type":"OpenApiConnection","inputs":{"host":{"apiId":"/providers/Microsoft.PowerApps/apis/shared_sharepointonline","connectionName":"shared_sharepointonline","operationId":"PatchItem"},"parameters":{"dataset":"https://uitedumm.sharepoint.com/sites/UITLeaveRequestSystem","table":"8a76f534-e478-42c5-8594-8b9fff5223bc","id":"@outputs('Get_item')?['body/ID']","item/Title":"@outputs('Get_item')?['body/Title']","item/Name":"@outputs('Get_item')?['body/Name']","item/LeaveStartDate":"@outputs('Get_item')?['body/LeaveStartDate']","item/LeaveEndDate":"@outputs('Get_item')?['body/LeaveEndDate']","item/ApprovalStatus":"Declined","item/RejectedByName":"Dr. Saw Sanda Aye","item/RejectedDate":"@formatDateTime(utcNow(),'dd/MM/yyyy')","item/Comment":"@items('Apply_to_each_Rector')?['comments']"},"authentication":"@parameters('$authentication')"}},"Send_a_Reject_email_by_Rector":{"runAfter":{"Update_Leave_Request_item_for_Rector_Reject":["Succeeded"]},"metadata":{"operationMetadataId":"8597212c-8554-4f34-a4da-b47d0f37e0e3"},"type":"OpenApiConnection","inputs":{"host":{"apiId":"/providers/Microsoft.PowerApps/apis/shared_office365","connectionName":"shared_office365","operationId":"SendEmailV2"},"parameters":{"emailMessage/To":"@outputs('Get_item')?['body/Author/Email']","emailMessage/Subject":"Your Medical Leave Request has been declined.","emailMessage/Body":"<p>Dear @{outputs('Get_item')?['body/Name']},<br>\n&nbsp;&nbsp;&nbsp;&nbsp;&nbsp;&nbsp;Your medical leave request (@{formatDateTime(outputs('Get_item')?['body/LeaveStartDate'], 'dd/MM/yyyy')} - @{formatDateTime(outputs('Get_item')?['body/LeaveEndDate'], 'dd/MM/yyyy')}): @{int(outputs('Get_item')?['body/Total_x0020_No_x0020_of_x0020_Le'])} days has been declined by your Rector.<br>\n<br>\n<strong>Response Summary:</strong><br>\nRejected by Name: Dr. Saw Sanda Aye<br>\nRejected Date: @{formatDateTime(utcNow(), 'dd/MM/yyyy')}<br>\nRejected Comment: @{items('Apply_to_each_Rector')?['comments']}</p>","emailMessage/Importance":"Normal"},"authentication":"@parameters('$authentication')"}}},"runAfter":{},"metadata":{"operationMetadataId":"babd5b93-125c-4b3f-afa2-eec11ab2dd01"},"type":"Foreach"}}},"expression":{"equals":["@outputs('Start_and_wait_for_an_approval_Rector')?['body/outcome']","Approve"]},"metadata":{"operationMetadataId":"7689512f-f723-4656-bad8-8eec50af9388"},"type":"If"}},"runAfter":{"Start_and_wait_for_an_approval_Student_Affairs":["Succeeded"]},"else":{"actions":{"Apply_to_each_Student_Affairs":{"foreach":"@outputs('Start_and_wait_for_an_approval_Student_Affairs')?['body/responses']","actions":{"Update_Leave_Request_item_for_Student_Affairs_Reject":{"runAfter":{},"metadata":{"operationMetadataId":"4e3eb500-8467-4121-b68e-3c23502f4c60"},"type":"OpenApiConnection","inputs":{"host":{"apiId":"/providers/Microsoft.PowerApps/apis/shared_sharepointonline","connectionName":"shared_sharepointonline","operationId":"PatchItem"},"parameters":{"dataset":"https://uitedumm.sharepoint.com/sites/UITLeaveRequestSystem","table":"8a76f534-e478-42c5-8594-8b9fff5223bc","id":"@outputs('Get_item')?['body/ID']","item/Title":"@outputs('Get_item')?['body/Title']","item/Name":"@outputs('Get_item')?['body/Name']","item/LeaveStartDate":"@outputs('Get_item')?['body/LeaveStartDate']","item/LeaveEndDate":"@outputs('Get_item')?['body/LeaveEndDate']","item/ApprovalStatus":"Declined","item/RejectedByName":"Department of Student Affairs","item/RejectedDate":"@formatDateTime(utcNow(),'dd/MM/yyyy')","item/Comment":"@items('Apply_to_each_Student_Affairs')?['comments']"},"authentication":"@parameters('$authentication')"}},"Send_a_Reject_Email_by_Student_Affairs":{"runAfter":{"Update_Leave_Request_item_for_Student_Affairs_Reject":["Succeeded"]},"metadata":{"operationMetadataId":"9d5a39d9-2a8b-4612-9420-bd145bb64c8d"},"type":"OpenApiConnection","inputs":{"host":{"apiId":"/providers/Microsoft.PowerApps/apis/shared_office365","connectionName":"shared_office365","operationId":"SendEmailV2"},"parameters":{"emailMessage/To":"@outputs('Get_item')?['body/Author/Email']","emailMessage/Subject":"Your Medical Leave Request has been declined.","emailMessage/Body":"<p>Dear @{outputs('Get_item')?['body/Name']},<br>\n&nbsp;&nbsp;&nbsp;&nbsp;&nbsp;&nbsp;Your medical leave request (@{formatDateTime(outputs('Get_item')?['body/LeaveStartDate'], 'dd/MM/yyyy')} - @{formatDateTime(outputs('Get_item')?['body/LeaveEndDate'], 'dd/MM/yyyy')}): @{int(outputs('Get_item')?['body/Total_x0020_No_x0020_of_x0020_Le'])} days has been declined by Department of Student Affairs.<br>\n<br>\n<strong>Response Summary:</strong><br>\nRejected by Name: Department of Student Affairs<br>\nRejected Date: @{formatDateTime(utcNow(), 'dd/MM/yyyy')}<br>\nRejected Comment: @{items('Apply_to_each_Student_Affairs')?['comments']}</p>","emailMessage/Importance":"Normal"},"authentication":"@parameters('$authentication')"}}},"runAfter":{},"metadata":{"operationMetadataId":"c8265256-f166-49a7-98a5-ef06e07f32b0"},"type":"Foreach"}}},"expression":{"equals":["@outputs('Start_and_wait_for_an_approval_Student_Affairs')?['body/outcome']","Approve"]},"metadata":{"operationMetadataId":"fe8b09ed-92c5-4801-94d7-b7031e979631"},"type":"If"}},"runAfter":{"Start_and_wait_for_an_approval_Year_Head":["Succeeded"]},"else":{"actions":{"Apply_to_each_Year_Head":{"foreach":"@outputs('Start_and_wait_for_an_approval_Year_Head')?['body/responses']","actions":{"Update_Leave_Request_Item_for_Year_Head_Reject":{"runAfter":{},"metadata":{"operationMetadataId":"8228e096-dacf-485c-806e-74bd58a785dd"},"type":"OpenApiConnection","inputs":{"host":{"apiId":"/providers/Microsoft.PowerApps/apis/shared_sharepointonline","connectionName":"shared_sharepointonline","operationId":"PatchItem"},"parameters":{"dataset":"https://uitedumm.sharepoint.com/sites/UITLeaveRequestSystem","table":"8a76f534-e478-42c5-8594-8b9fff5223bc","id":"@outputs('Get_item')?['body/ID']","item/Title":"@outputs('Get_item')?['body/Title']","item/Name":"@outputs('Get_item')?['body/Name']","item/LeaveStartDate":"@outputs('Get_item')?['body/LeaveStartDate']","item/LeaveEndDate":"@outputs('Get_item')?['body/LeaveEndDate']","item/ApprovalStatus":"Declined","item/RejectedByName":"@variables('YearHeadName')","item/RejectedDate":"@formatDateTime(utcNow(),'dd/MM/yyyy')","item/Comment":"@items('Apply_to_each_Year_Head')?['comments']"},"authentication":"@parameters('$authentication')"}},"Send_an_Reject_Email_by_Year_Head":{"runAfter":{"Update_Leave_Request_Item_for_Year_Head_Reject":["Succeeded"]},"metadata":{"operationMetadataId":"4106e2b3-79c9-4106-9ed5-8fc4e5be6c5b"},"type":"OpenApiConnection","inputs":{"host":{"apiId":"/providers/Microsoft.PowerApps/apis/shared_office365","connectionName":"shared_office365","operationId":"SendEmailV2"},"parameters":{"emailMessage/To":"@outputs('Get_item')?['body/Author/Email']","emailMessage/Subject":"Your Medical Leave Request has been declined.","emailMessage/Body":"<p>Dear @{outputs('Get_item')?['body/Name']},<br>\n&nbsp;&nbsp;&nbsp;&nbsp;&nbsp;&nbsp;Your medical leave request (@{formatDateTime(outputs('Get_item')?['body/LeaveStartDate'], 'dd/MM/yyyy')} - @{formatDateTime(outputs('Get_item')?['body/LeaveEndDate'], 'dd/MM/yyyy')}): @{int(outputs('Get_item')?['body/Total_x0020_No_x0020_of_x0020_Le'])} days has been declined by your Incharge of Year.<br>\n<br>\n<strong>Response Summary:</strong><br>\nRejected by Name: @{variables('YearHeadName')}<br>\nRejected Date: @{formatDateTime(utcNow(), 'dd/MM/yyyy')}<br>\nRejected Comment: @{items('Apply_to_each_Year_Head')?['comments']}</p>","emailMessage/Importance":"Normal"},"authentication":"@parameters('$authentication')"}}},"runAfter":{},"metadata":{"operationMetadataId":"9f438bb9-be9f-4ae1-bf85-56596b40fee9"},"type":"Foreach"}}},"expression":{"equals":["@outputs('Start_and_wait_for_an_approval_Year_Head')?['body/outcome']","Approve"]},"metadata":{"operationMetadataId":"e104c99f-5e03-4791-bb73-7331cd7af1f3"},"type":"If"}},"runAfter":{"Start_and_wait_for_an_approval_Class_Teacher":["Succeeded"]},"else":{"actions":{"Apply_to_each_for_Class_Teacher_Reject":{"foreach":"@outputs('Start_and_wait_for_an_approval_Class_Teacher')?['body/responses']","actions":{"Update_Leave_Request_Item_for_Class_Teacher_Reject":{"runAfter":{},"metadata":{"operationMetadataId":"6a7452c6-f6cc-4254-bdf5-fc76ffd13d53"},"type":"OpenApiConnection","inputs":{"host":{"apiId":"/providers/Microsoft.PowerApps/apis/shared_sharepointonline","connectionName":"shared_sharepointonline","operationId":"PatchItem"},"parameters":{"dataset":"https://uitedumm.sharepoint.com/sites/UITLeaveRequestSystem","table":"8a76f534-e478-42c5-8594-8b9fff5223bc","id":"@outputs('Get_item')?['body/ID']","item/Title":"@outputs('Get_item')?['body/Title']","item/Name":"@outputs('Get_item')?['body/Name']","item/LeaveStartDate":"@outputs('Get_item')?['body/LeaveStartDate']","item/LeaveEndDate":"@outputs('Get_item')?['body/LeaveEndDate']","item/ApprovalStatus":"Declined","item/RejectedByName":"@variables('ClassTeacherName')","item/RejectedDate":"@formatDateTime(utcNow(),'dd/MM/yyyy')","item/Comment":"@items('Apply_to_each_for_Class_Teacher_Reject')?['comments']"},"authentication":"@parameters('$authentication')"}},"Send_an_Reject_Email_By_Class_Teacher":{"runAfter":{"Update_Leave_Request_Item_for_Class_Teacher_Reject":["Succeeded"]},"metadata":{"operationMetadataId":"01b2932a-eae4-4182-88f4-351c0e34d1d7"},"type":"OpenApiConnection","inputs":{"host":{"apiId":"/providers/Microsoft.PowerApps/apis/shared_office365","connectionName":"shared_office365","operationId":"SendEmailV2"},"parameters":{"emailMessage/To":"@outputs('Get_item')?['body/Author/Email']","emailMessage/Subject":"Your Medical Leave Request has been declined.","emailMessage/Body":"<p>Dear @{outputs('Get_item')?['body/Name']},<br>\n&nbsp;&nbsp;&nbsp;&nbsp;&nbsp;&nbsp;Your medical request (@{formatDateTime(outputs('Get_item')?['body/LeaveStartDate'], 'dd/MM/yyyy')} - @{formatDateTime(outputs('Get_item')?['body/LeaveEndDate'], 'dd/MM/yyyy')}): @{int(outputs('Get_item')?['body/Total_x0020_No_x0020_of_x0020_Le'])} days has been declined by your class teacher.<br>\n<br>\nResponse Summary:<br>\nRejected by Name: @{variables('ClassTeacherName')}<br>\nRejected Date: @{formatDateTime(utcNow(), 'dd/MM/yyyy')}<br>\nRejected Comment: @{items('Apply_to_each_for_Class_Teacher_Reject')?['comments']}</p>","emailMessage/Importance":"Normal"},"authentication":"@parameters('$authentication')"}}},"runAfter":{},"metadata":{"operationMetadataId":"2ace442d-6ab4-410c-b9c1-e1294897bdf7"},"type":"Foreach"}}},"expression":{"equals":["@outputs('Start_and_wait_for_an_approval_Class_Teacher')?['body/outcome']","Approve"]},"metadata":{"operationMetadataId":"fb74549c-41ab-47e2-a7b6-5f216872fdc6"},"type":"If"}}},"connectionReferences":{"shared_sharepointonline":{"connectionName":"shared-sharepointonl-cee262e5-8ba5-438f-bce1-fedef879984b","source":"Embedded","id":"/providers/Microsoft.PowerApps/apis/shared_sharepointonline","tier":"NotSpecified"},"shared_onedriveforbusiness":{"connectionName":"shared-onedriveforbu-ae3b5b4e-9e96-4ad8-8de7-e2ce02fb4f30","source":"Embedded","id":"/providers/Microsoft.PowerApps/apis/shared_onedriveforbusiness","tier":"NotSpecified"},"shared_approvals":{"connectionName":"shared-approvals-ea1993f0-1b0e-41f8-87b3-39c5d7de8f92","source":"Embedded","id":"/providers/Microsoft.PowerApps/apis/shared_approvals","tier":"NotSpecified"},"shared_office365":{"connectionName":"shared-office365-4e5e6ae8-34f6-4199-af55-0ab9abb4f8ee","source":"Embedded","id":"/providers/Microsoft.PowerApps/apis/shared_office365","tier":"NotSpecified"}},"flowFailureAlertSubscribed":false,"isManaged":false}}